railtime_id,hafas_id,stop_area_names@nl,stop_area_names@fr,stop_area_names@en,dbpedia_uris,lon,lat
73,008728686,Ascq,Ascq,Ascq,http://live.dbpedia.org/resource/Ascq,3.159833,50.62193
88,,Amsterdam-Centraal Station,Amsterdam-Centraal Station,Amsterdam-Centraal Station,http://live.dbpedia.org/resource/Amsterdam-Centraal_Station,4.9005,52.378684
103,008728687,Baisieux,Baisieux,Baisieux,http://live.dbpedia.org/resource/Baisieux,3.234599,50.618426
113,,Ashford International,Ashford International,Ashford International,http://live.dbpedia.org/resource/Ashford_International,0.8762,51.143696
137,,Belval-Université,Belval-Université,Belval-Université,http://live.dbpedia.org/resource/Belval-Université,5.967722,49.494584
145,008200510,Bertrange-Strassen,Bertrange-Strassen,Bertrange-Strassen,http://live.dbpedia.org/resource/Bertrange-Strassen,6.060557,49.612969
156,008731896,Avignon TGV,Avignon TGV,Avignon TGV,http://live.dbpedia.org/resource/Avignon_TGV,4.786043,43.921952
159,,Bettembourg,Bettembourg,Bettembourg,http://live.dbpedia.org/resource/Bettembourg,6.101574,49.515938
240,008500010,Basel,Basel,Basel,http://live.dbpedia.org/resource/Basel,7.589547,47.547408
248,008200518,Capellen,Capellen,Capellen,http://live.dbpedia.org/resource/Capellen,5.982593,49.638312
271,008509000,Chur,Chur,Chur,http://live.dbpedia.org/resource/Chur,9.528494,46.853461
279,008200134,Clervaux,Clervaux,Clervaux,http://live.dbpedia.org/resource/Clervaux,6.024569,50.061605
293,008728105,Croix-l'Allumette,Croix-l'Allumette,Croix-l'Allumette,http://live.dbpedia.org/resource/Croix-l'Allumette,3.151137,50.686809
307,008728671,Croix-Wasquehal,Croix-Wasquehal,Croix-Wasquehal,http://live.dbpedia.org/resource/Croix-Wasquehal,3.13778,50.678557
321,008200133,Drauffelt,Drauffelt,Drauffelt,http://live.dbpedia.org/resource/Drauffelt,6.006514,50.014634
332,008400180,Dordrecht,Dordrecht,Dordrecht,http://live.dbpedia.org/resource/Dordrecht,4.668492,51.807535
341,008400280,Den Haag-Hollands Spoor,Den Haag-Hollands Spoor,Den Haag-Hollands Spoor,http://live.dbpedia.org/resource/Den_Haag-Hollands_Spoor,4.322612,52.070272
344,,Düsseldorf Hbf,Düsseldorf Hbf,Düsseldorf Hbf,http://live.dbpedia.org/resource/Düsseldorf_Hbf,6.794574,51.219933
349,008400219,Eijsden,Eijsden,Eijsden,http://live.dbpedia.org/resource/Eijsden,5.709915,50.771728
374,,Esch-sur-Alzette,Esch-sur-Alzette,Esch-sur-Alzette,http://live.dbpedia.org/resource/Esch-sur-Alzette,5.985182,49.494108
386,008200120,Ettelbruck,Ettelbruck,Ettelbruck,http://live.dbpedia.org/resource/Ettelbruck,6.108439,49.848686
426,008011068,Frankfurt (Main) Hbf,Frankfurt (Main) Hbf,Frankfurt (Main) Hbf,http://live.dbpedia.org/resource/Frankfurt_(Main)_Hbf,8.664019,50.107431
473,,Duisburg Hbf,Duisburg Hbf,Duisburg Hbf,http://live.dbpedia.org/resource/Duisburg_Hbf,6.776151,51.42976
544,008728606,Hellemmes,Hellemmes,Hellemmes,http://live.dbpedia.org/resource/Hellemmes,3.114814,50.622667
631,008200130,Kautenbach,Kautenbach,Kautenbach,http://live.dbpedia.org/resource/Kautenbach,6.024177,49.946664
641,008200520,Kleinbettingen,Kleinbettingen,Kleinbettingen,http://live.dbpedia.org/resource/Kleinbettingen,5.915849,49.64386
659,008015458,Köln Hbf,Köln Hbf,Köln Hbf,http://live.dbpedia.org/resource/Köln_Hbf,6.958937,50.943005
722,008728710,Lezennes,Lezennes,Lezennes,http://live.dbpedia.org/resource/Lezennes,3.098621,50.620383
735,008722326,Lille-Europe,Lille-Europe,Lille-Europe,http://live.dbpedia.org/resource/Lille-Europe,3.075846,50.638819
737,008728600,Lille Flandres,Lille Flandres,Lille Flandres,http://live.dbpedia.org/resource/Lille_Flandres,3.07139,50.636164
769,008200100,Luxembourg,Luxembourg,Luxembourg,http://live.dbpedia.org/resource/Luxembourg,6.134275,49.59969
776,008400424,Maastricht,Maastricht,Maastricht,http://live.dbpedia.org/resource/Maastricht,5.705583,50.849973
777,008400426,Maastricht-Randwyck,Maastricht-Randwyck,Maastricht-Randwyck,http://live.dbpedia.org/resource/Maastricht-Randwyck,5.717673,50.83773
783,008200516,Mamer,Mamer,Mamer,http://live.dbpedia.org/resource/Mamer,6.020026,49.625862
785,,Lyon-Perrache,Lyon-Perrache,Lyon-Perrache,http://live.dbpedia.org/resource/Lyon-Perrache,4.825734,45.748462
787,008772319,Lyon-Part-Dieu,Lyon-Part-Dieu,Lyon-Part-Dieu,http://live.dbpedia.org/resource/Lyon-Part-Dieu,4.860002,45.760537
799,008210014,Mamer-Lycée,Mamer-Lycée,Mamer-Lycée,http://live.dbpedia.org/resource/Mamer-Lycée,6.029038,49.618954
802,008775100,Marseille-Saint-Charles,Marseille-Saint-Charles,Marseille-Saint-Charles,http://live.dbpedia.org/resource/Marseille-Saint-Charles,5.381933,43.303837
803,008711184,Marne-la-Vallée-Chessy,Marne-la-Vallée-Chessy,Marne-la-Vallée-Chessy,http://live.dbpedia.org/resource/Marne-la-Vallée-Chessy,2.782137,48.868252
829,008200110,Mersch,Mersch,Mersch,http://live.dbpedia.org/resource/Mersch,6.110403,49.751555
879,008774172,Moutiers-Salins-Brides-Les-B,Moutiers-Salins-Brides-Les-B,Moutiers-Salins-Brides-Les-B,http://live.dbpedia.org/resource/Moutiers-Salins-Brides-Les-B,6.531429,45.486352
892,008777300,Montpellier,Montpellier,Montpellier,http://live.dbpedia.org/resource/Montpellier,3.88067,43.604732
903,008775605,Nice-Ville,Nice-Ville,Nice-Ville,http://live.dbpedia.org/resource/Nice-Ville,7.262036,43.70445
918,008778110,Narbonne,Narbonne,Narbonne,http://live.dbpedia.org/resource/Narbonne,3.005753,43.190244
959,,Pétange,Pétange,Pétange,http://live.dbpedia.org/resource/Pétange,5.880705,49.554316
960,008778400,Perpignan,Perpignan,Perpignan,http://live.dbpedia.org/resource/Perpignan,2.879665,42.696505
978,008727100,Paris-Nord,Paris-Nord,Paris-Nord,http://live.dbpedia.org/resource/Paris-Nord,2.354616,48.880312
1015,008400526,Roosendaal,Roosendaal,Roosendaal,http://live.dbpedia.org/resource/Roosendaal,4.459243,51.540434
1016,,Walferdange,Walferdange,Walferdange,http://live.dbpedia.org/resource/Walferdange,6.136311,49.661697
1026,,Rotterdam-Centraal Station,Rotterdam-Centraal Station,Rotterdam-Centraal Station,http://live.dbpedia.org/resource/Rotterdam-Centraal_Station,4.469358,51.925092
1027,008728673,Roubaix,Roubaix,Roubaix,http://live.dbpedia.org/resource/Roubaix,3.163244,50.6956
1064,008400561,Schiphol,Schiphol,Schiphol,http://live.dbpedia.org/resource/Schiphol,4.762262,52.308288
1109,,Montabaur,Montabaur,Montabaur,http://live.dbpedia.org/resource/Montabaur,7.825335,50.444924
1111,008721202,Strasbourg-Ville,Strasbourg-Ville,Strasbourg-Ville,http://live.dbpedia.org/resource/Strasbourg-Ville,7.734064,48.58532
1115,008775752,Saint-Raphaël-Valescure,Saint-Raphaël-Valescure,Saint-Raphaël-Valescure,http://live.dbpedia.org/resource/Saint-Raphaël-Valescure,6.769106,43.423578
1117,008500301,Rheinfelden,Rheinfelden,Rheinfelden,http://live.dbpedia.org/resource/Rheinfelden,7.792134,47.551214
1118,008500320,Stein-Saeckingen,Stein-Saeckingen,Stein-Saeckingen,http://live.dbpedia.org/resource/Stein-Saeckingen,7.948838,47.541567
1119,008500305,Frick,Frick,Frick,http://live.dbpedia.org/resource/Frick,8.012903,47.507225
1121,008500309,Brugg AG,Brugg AG,Brugg AG,http://live.dbpedia.org/resource/Brugg_AG,8.208815,47.480853
1122,008503504,Baden,Baden,Baden,http://live.dbpedia.org/resource/Baden,8.307682,47.476435
1124,,Differdange,Differdange,Differdange,http://live.dbpedia.org/resource/Differdange,5.891726,49.528578
1137,,Schifflange,Schifflange,Schifflange,http://live.dbpedia.org/resource/Schifflange,6.00871,49.506224
1138,,Noertzange,Noertzange,Noertzange,http://live.dbpedia.org/resource/Noertzange,6.051121,49.508007
1140,008775500,Toulon,Toulon,Toulon,http://live.dbpedia.org/resource/Toulon,5.929181,43.128438
1153,008728654,Tourcoing,Tourcoing,Tourcoing,http://live.dbpedia.org/resource/Tourcoing,3.168035,50.716615
1158,008200136,Troisvierges,Troisvierges,Troisvierges,http://live.dbpedia.org/resource/Troisvierges,5.990883,50.119197
1162,,Hollerich,Hollerich,Hollerich,http://live.dbpedia.org/resource/Hollerich,6.120766,49.595391
1165,008719100,Thionville,Thionville,Thionville,http://live.dbpedia.org/resource/Thionville,6.16941,49.353835
1172,008776302,Valence-Rhône-Alpes-Sud TGV,Valence-Rhône-Alpes-Sud TGV,Valence-Rhône-Alpes-Sud TGV,http://live.dbpedia.org/resource/Valence-Rhône-Alpes-Sud_TGV,4.978525,44.992616
1208,,Maulusmühle,Maulusmühle,Maulusmühle,http://live.dbpedia.org/resource/Maulusmühle,6.026812,50.09391
1209,,Michelau,Michelau,Michelau,http://live.dbpedia.org/resource/Michelau,6.092527,49.896442
1210,,Goebelsmühle,Goebelsmühle,Goebelsmühle,http://live.dbpedia.org/resource/Goebelsmühle,6.052991,49.921065
1241,008200132,Wilwerwiltz,Wilwerwiltz,Wilwerwiltz,http://live.dbpedia.org/resource/Wilwerwiltz,6.001569,49.987507
1283,,Zürich Hb,Zürich Hb,Zürich Hb,http://live.dbpedia.org/resource/Zürich_Hb,8.539173,47.378153
1292,,Arras,Arras,Arras,http://live.dbpedia.org/resource/Arras,2.781374,50.286807
1293,,Le Creusot-Montceau TGV,Le Creusot-Montceau TGV,Le Creusot-Montceau TGV,http://live.dbpedia.org/resource/Le_Creusot-Montceau_TGV,4.499453,46.765358
1319,,Köln/Bonn Flughafen,Köln/Bonn Flughafen,Köln/Bonn Flughafen,http://live.dbpedia.org/resource/Köln/Bonn_Flughafen,7.119995,50.878804
1330,,Düsseldorf Flughafen,Düsseldorf Flughafen,Düsseldorf Flughafen,http://live.dbpedia.org/resource/Düsseldorf_Flughafen,6.767188,51.276535
1331,,Essen Hbf,Essen Hbf,Essen Hbf,http://live.dbpedia.org/resource/Essen_Hbf,7.015092,51.451344
1335,,Lyon-Saint-Exupéry TGV,Lyon-Saint-Exupéry TGV,Lyon-Saint-Exupéry TGV,http://live.dbpedia.org/resource/Lyon-Saint-Exupéry_TGV,5.075728,45.721052
1694,008728683,Pont-de-Bois,Pont-de-Bois,Pont-de-Bois,http://live.dbpedia.org/resource/Pont-de-Bois,3.130547,50.62398
1844,008015588,Siegburg/Bonn,Siegburg/Bonn,Siegburg/Bonn,http://live.dbpedia.org/resource/Siegburg/Bonn,7.203074,50.793583
1845,008061676,Frankfurt (M) Flughafen Fernbf,Frankfurt (M) Flughafen Fernbf,Frankfurt (M) Flughafen Fernbf,http://live.dbpedia.org/resource/Frankfurt_(M)_Flughafen_Fernbf,8.570187,50.053152
1846,008719203,Metz-Ville,Metz-Ville,Metz-Ville,http://live.dbpedia.org/resource/Metz-Ville,6.177717,49.109359
1847,008721222,Saverne,Saverne,Saverne,http://live.dbpedia.org/resource/Saverne,7.362255,48.744798
1848,008721405,Selestat,Selestat,Selestat,http://live.dbpedia.org/resource/Selestat,7.443261,48.259996
1849,008718201,Colmar,Colmar,Colmar,http://live.dbpedia.org/resource/Colmar,7.346702,48.073085
1850,008718206,Mulhouse-Ville,Mulhouse-Ville,Mulhouse-Ville,http://live.dbpedia.org/resource/Mulhouse-Ville,7.342488,47.742134
1851,008718213,Saint-Louis (Haut-Rhin),Saint-Louis (Haut-Rhin),Saint-Louis (Haut-Rhin),http://live.dbpedia.org/resource/Saint-Louis_(Haut-Rhin),7.555702,47.590013
1852,007015400,London-St-Pancras Intl.,London-St-Pancras Intl.,London-St-Pancras Intl.,http://live.dbpedia.org/resource/London-St-Pancras_Intl.,-0.123341,51.531114
1853,,Ebbsfleet International,Ebbsfleet International,Ebbsfleet International,http://live.dbpedia.org/resource/Ebbsfleet_International,0.320543,51.4432
1869,008509002,Landquart,Landquart,Landquart,http://live.dbpedia.org/resource/Landquart,9.554203,46.967415
1870,008509411,Sargans,Sargans,Sargans,http://live.dbpedia.org/resource/Sargans,9.446208,47.044779
1873,008503202,Thalwil,Thalwil,Thalwil,http://live.dbpedia.org/resource/Thalwil,8.564713,47.295977
1874,008503206,Waedenswil,Waedenswil,Waedenswil,http://live.dbpedia.org/resource/Waedenswil,8.675184,47.229283
1875,008503209,Pfaeffikon Sz,Pfaeffikon Sz,Pfaeffikon Sz,http://live.dbpedia.org/resource/Pfaeffikon_Sz,8.784727,47.367045
1876,008503225,Ziegelbrücke,Ziegelbrücke,Ziegelbrücke,http://live.dbpedia.org/resource/Ziegelbrücke,9.059934,47.136179
1877,008509004,Bad Ragaz,Bad Ragaz,Bad Ragaz,http://live.dbpedia.org/resource/Bad_Ragaz,9.505319,47.010239
1890,,Calais-Fréthun,Calais-Fréthun,Calais-Fréthun,http://live.dbpedia.org/resource/Calais-Fréthun,1.811168,50.901418
1899,008727149,Aéroport CDG 2 TGV,Aéroport CDG 2 TGV,Aéroport CDG 2 TGV,http://live.dbpedia.org/resource/Aéroport_CDG_2_TGV,2.571125,49.003955
1930,008775544,Les Arcs Draguignan,Les Arcs Draguignan,Les Arcs Draguignan,http://live.dbpedia.org/resource/Les_Arcs_Draguignan,6.482261,43.4557
1931,008775762,Cannes,Cannes,Cannes,http://live.dbpedia.org/resource/Cannes,7.019589,43.553984
1932,008775767,Antibes,Antibes,Antibes,http://live.dbpedia.org/resource/Antibes,7.11955,43.585865
1933,,Nîmes,Nîmes,Nîmes,http://live.dbpedia.org/resource/Nîmes,4.366249,43.832417
1934,008778127,Agde,Agde,Agde,http://live.dbpedia.org/resource/Agde,3.466089,43.317248
1935,008778100,Béziers,Béziers,Béziers,http://live.dbpedia.org/resource/Béziers,3.218656,43.336275
1936,008731901,Aix-en-Provence TGV,Aix-en-Provence TGV,Aix-en-Provence TGV,http://live.dbpedia.org/resource/Aix-en-Provence_TGV,5.317117,43.455186
1937,,Sète,Sète,Sète,http://live.dbpedia.org/resource/Sète,3.696507,43.412737
1938,008731388,TGV Haute Picardie,TGV Haute Picardie,TGV Haute Picardie,http://live.dbpedia.org/resource/TGV_Haute_Picardie,2.83174,49.859188
1944,008774177,Landry,Landry,Landry,http://live.dbpedia.org/resource/Landry,6.733789,45.574143
1945,008774176,Aime-la-Plagne,Aime-la-Plagne,Aime-la-Plagne,http://live.dbpedia.org/resource/Aime-la-Plagne,6.648732,45.55432
1946,008774164,Albertville,Albertville,Albertville,http://live.dbpedia.org/resource/Albertville,6.383051,45.673048
1947,008774100,Chambéry-Challes-les-Eaux,Chambéry-Challes-les-Eaux,Chambéry-Challes-les-Eaux,http://live.dbpedia.org/resource/Chambéry-Challes-les-Eaux,5.919511,45.571297
1969,008032572,Limburg Süd,Limburg Süd,Limburg Süd,http://live.dbpedia.org/resource/Limburg_Süd,8.096113,50.382486
1,008015345,Aachen Hbf,Aachen Hbf,Aachen Hbf,http://live.dbpedia.org/resource/Aachen_Hbf,6.09159,50.767792
10,008892288,Aarsele,Aarsele,Aarsele,http://live.dbpedia.org/resource/Aarsele,3.41836,50.98446
100,008864352,Aye,Aye,Aye,http://live.dbpedia.org/resource/Aye,5.301096,50.224131
1003,008200940,Rodange,Rodange,Rodange,http://live.dbpedia.org/resource/Rodange,5.845028,49.551283
1005,008896800,Roeselare,Roeselare,Roeselare,http://live.dbpedia.org/resource/Roeselare,3.130415,50.949029
1009,008861119,Ronet,Ronet,Ronet,http://live.dbpedia.org/resource/Ronet,4.82842,50.45774
1013,008892908,Ronse,Ronse,Ronse,http://live.dbpedia.org/resource/Ronse,3.600621,50.74199
1017,008822848,Ruisbroek-Sauvegarde,Ruisbroek-Sauvegarde,Ruisbroek-Sauvegarde,http://live.dbpedia.org/resource/Ruisbroek-Sauvegarde,4.325443,51.081152
1018,008871217,Roux,Roux,Roux,http://live.dbpedia.org/resource/Roux,4.3932,50.44311
102,008822160,Baasrode-Zuid,Baasrode-Zuid,Baasrode-Zuid,http://live.dbpedia.org/resource/Baasrode-Zuid,4.153496,51.019436
1021,008814365,Ruisbroek,Ruisbroek,Ruisbroek,http://live.dbpedia.org/resource/Ruisbroek,4.294472,50.790582
1031,008861432,Saint-Denis-Bovesse,Saint-Denis-Bovesse,Saint-Denis-Bovesse,http://live.dbpedia.org/resource/Saint-Denis-Bovesse,4.76779,50.5213
1034,008884004,Saint-Ghislain,Saint-Ghislain,Saint-Ghislain,http://live.dbpedia.org/resource/Saint-Ghislain,3.819311,50.442698
104,008895125,Aalst-Kerrebroek,Aalst-Kerrebroek,Aalst-Kerrebroek,http://live.dbpedia.org/resource/Aalst-Kerrebroek,4.024407,50.948377
1043,008864956,Sart-Bernard,Sart-Bernard,Sart-Bernard,http://live.dbpedia.org/resource/Sart-Bernard,4.94974,50.406373
1048,008811007,Schaarbeek,Schaarbeek,Schaarbeek,http://live.dbpedia.org/resource/Schaarbeek,4.379451,50.878039
105,008895257,Balegem-Dorp,Balegem-Dorp,Balegem-Dorp,http://live.dbpedia.org/resource/Balegem-Dorp,3.791423,50.919608
1056,008893070,Scheldewindeke,Scheldewindeke,Scheldewindeke,http://live.dbpedia.org/resource/Scheldewindeke,3.777844,50.937072
1058,008893542,Schellebelle,Schellebelle,Schellebelle,http://live.dbpedia.org/resource/Schellebelle,3.92137,51.00315
1059,008895711,Schendelbeke,Schendelbeke,Schendelbeke,http://live.dbpedia.org/resource/Schendelbeke,3.899285,50.797849
106,008895240,Balegem-Zuid,Balegem-Zuid,Balegem-Zuid,http://live.dbpedia.org/resource/Balegem-Zuid,3.80587,50.900514
1060,008893526,Schoonaarde,Schoonaarde,Schoonaarde,http://live.dbpedia.org/resource/Schoonaarde,4.011095,51.003152
1061,008831088,Schulen,Schulen,Schulen,http://live.dbpedia.org/resource/Schulen,5.185731,50.963937
1062,008863446,Sclaigneaux,Sclaigneaux,Sclaigneaux,http://live.dbpedia.org/resource/Sclaigneaux,5.026359,50.492245
1063,008843133,Sclessin,Sclessin,Sclessin,http://live.dbpedia.org/resource/Sclessin,5.55522,50.611104
1066,008824232,Schelle,Schelle,Schelle,http://live.dbpedia.org/resource/Schelle,4.340261,51.125509
1068,008893583,Serskamp,Serskamp,Serskamp,http://live.dbpedia.org/resource/Serskamp,3.95936,50.9844
107,008832045,Balen,Balen,Balen,http://live.dbpedia.org/resource/Balen,5.164985,51.169098
1073,008894425,Sinaai,Sinaai,Sinaai,http://live.dbpedia.org/resource/Sinaai,4.06894,51.1434
1076,008892692,Sint-Denijs-Boekel,Sint-Denijs-Boekel,Sint-Denijs-Boekel,http://live.dbpedia.org/resource/Sint-Denijs-Boekel,3.6984,50.8743
1079,008814167,Sint-Genesius-Rode,Sint-Genesius-Rode,Sint-Genesius-Rode,http://live.dbpedia.org/resource/Sint-Genesius-Rode,4.361997,50.74781
1081,008814449,Sint-Job,Sint-Job,Sint-Job,http://live.dbpedia.org/resource/Sint-Job,4.362761,50.79441
1082,008833159,Sint-Joris-Weert,Sint-Joris-Weert,Sint-Joris-Weert,http://live.dbpedia.org/resource/Sint-Joris-Weert,4.6519,50.802068
1083,008822228,Sint-Katelijne-Waver,Sint-Katelijne-Waver,Sint-Katelijne-Waver,http://live.dbpedia.org/resource/Sint-Katelijne-Waver,4.496119,51.069979
1084,008821543,Sint-Mariaburg,Sint-Mariaburg,Sint-Mariaburg,http://live.dbpedia.org/resource/Sint-Mariaburg,4.434902,51.291654
1085,008895570,Lierde,Lierde,Lierde,http://live.dbpedia.org/resource/Lierde,3.826561,50.816239
1087,008812245,Sint-Martens-Bodegem,Sint-Martens-Bodegem,Sint-Martens-Bodegem,http://live.dbpedia.org/resource/Sint-Martens-Bodegem,4.20508,50.86716
1088,008894508,Sint-Niklaas,Sint-Niklaas,Sint-Niklaas,http://live.dbpedia.org/resource/Sint-Niklaas,4.144637,51.171765
1090,008831807,Sint-Truiden,Sint-Truiden,Sint-Truiden,http://live.dbpedia.org/resource/Sint-Truiden,5.17562,50.817674
1091,008893260,Sleidinge,Sleidinge,Sleidinge,http://live.dbpedia.org/resource/Sleidinge,3.667527,51.126603
1092,008883113,Zinnik,Zinnik,Zinnik,http://live.dbpedia.org/resource/Zinnik,4.069021,50.573322
1093,008871662,Solre-sur-Sambre,Solre-sur-Sambre,Solre-sur-Sambre,http://live.dbpedia.org/resource/Solre-sur-Sambre,4.15843,50.31264
1097,008844404,Spa,Spa,Spa,http://live.dbpedia.org/resource/Spa,5.855101,50.490302
110,008895463,Bambrugge,Bambrugge,Bambrugge,http://live.dbpedia.org/resource/Bambrugge,3.935715,50.913768
1102,008843406,Statte,Statte,Statte,http://live.dbpedia.org/resource/Statte,5.220967,50.527762
1107,008862018,Stockem,Stockem,Stockem,http://live.dbpedia.org/resource/Stockem,5.769116,49.69094
1113,008842853,Sy,Sy,Sy,http://live.dbpedia.org/resource/Sy,5.524167,50.402653
1125,008874609,Tamines,Tamines,Tamines,http://live.dbpedia.org/resource/Tamines,4.608824,50.432232
1128,008894672,Temse,Temse,Temse,http://live.dbpedia.org/resource/Temse,4.221349,51.126085
1130,008895448,Terhagen,Terhagen,Terhagen,http://live.dbpedia.org/resource/Terhagen,3.899339,50.902484
1131,008812252,Ternat,Ternat,Ternat,http://live.dbpedia.org/resource/Ternat,4.16534,50.87452
1134,008833266,Testelt,Testelt,Testelt,http://live.dbpedia.org/resource/Testelt,4.94583,51.00986
1135,008844339,Theux,Theux,Theux,http://live.dbpedia.org/resource/Theux,5.81503,50.536161
1136,008881455,Thieu,Thieu,Thieu,http://live.dbpedia.org/resource/Thieu,4.09852,50.46954
1139,008871811,Thuin,Thuin,Thuin,http://live.dbpedia.org/resource/Thuin,4.28891,50.34274
114,008864451,Barvaux,Barvaux,Barvaux,http://live.dbpedia.org/resource/Barvaux,5.50154,50.34942
1141,008884350,Thulin,Thulin,Thulin,http://live.dbpedia.org/resource/Thulin,3.744708,50.423332
1144,008821964,Tielen,Tielen,Tielen,http://live.dbpedia.org/resource/Tielen,4.89309,51.24102
1145,008892254,Tielt,Tielt,Tielt,http://live.dbpedia.org/resource/Tielt,3.328611,50.990058
1146,008833308,Tienen,Tienen,Tienen,http://live.dbpedia.org/resource/Tienen,4.92581,50.80802
1147,008842630,Tilff,Tilff,Tilff,http://live.dbpedia.org/resource/Tilff,5.583933,50.570625
1149,008872553,Tilly,Tilly,Tilly,http://live.dbpedia.org/resource/Tilly,4.552674,50.55808
1150,008895638,Tollembeek,Tollembeek,Tollembeek,http://live.dbpedia.org/resource/Tollembeek,3.992826,50.735519
1151,008831310,Tongeren,Tongeren,Tongeren,http://live.dbpedia.org/resource/Tongeren,5.47328,50.784403
1152,008891314,Torhout,Torhout,Torhout,http://live.dbpedia.org/resource/Torhout,3.10587,51.06471
1154,008885001,Doornik,Doornik,Doornik,http://live.dbpedia.org/resource/Doornik,3.396942,50.613134
1157,008845203,Trois-Ponts,Trois-Ponts,Trois-Ponts,http://live.dbpedia.org/resource/Trois-Ponts,5.873579,50.368217
1159,008844271,Trooz,Trooz,Trooz,http://live.dbpedia.org/resource/Trooz,5.688351,50.573212
1160,008883808,Tubeke,Tubeke,Tubeke,http://live.dbpedia.org/resource/Tubeke,4.205729,50.691708
1161,008821907,Turnhout,Turnhout,Turnhout,http://live.dbpedia.org/resource/Turnhout,4.937413,51.322029
1167,008814134,Ukkel-Kalevoet,Ukkel-Kalevoet,Ukkel-Kalevoet,http://live.dbpedia.org/resource/Ukkel-Kalevoet,4.332207,50.791749
1168,008814126,Ukkel-Stalle,Ukkel-Stalle,Ukkel-Stalle,http://live.dbpedia.org/resource/Ukkel-Stalle,4.323901,50.802411
1174,008811270,Veltem,Veltem,Veltem,http://live.dbpedia.org/resource/Veltem,4.63352,50.90052
1176,008833050,Vertrijk,Vertrijk,Vertrijk,http://live.dbpedia.org/resource/Vertrijk,4.83552,50.83628
1177,008844008,Verviers-Centraal,Verviers-Centraal,Verviers-Centraal,http://live.dbpedia.org/resource/Verviers-Centraal,5.854917,50.588135
118,008843430,Bas-Oha,Bas-Oha,Bas-Oha,http://live.dbpedia.org/resource/Bas-Oha,5.19094,50.52263
1180,008844057,Verviers-Paleis,Verviers-Paleis,Verviers-Paleis,http://live.dbpedia.org/resource/Verviers-Paleis,5.865335,50.590921
1181,008892304,Veurne,Veurne,Veurne,http://live.dbpedia.org/resource/Veurne,2.66994,51.073869
1182,008895612,Viane-Moerbeke,Viane-Moerbeke,Viane-Moerbeke,http://live.dbpedia.org/resource/Viane-Moerbeke,3.91734,50.751978
1184,008896230,Vichte,Vichte,Vichte,http://live.dbpedia.org/resource/Vichte,3.391627,50.833662
1185,008845146,Vielsalm,Vielsalm,Vielsalm,http://live.dbpedia.org/resource/Vielsalm,5.909209,50.278932
1186,008895489,Vijfhuizen,Vijfhuizen,Vijfhuizen,http://live.dbpedia.org/resource/Vijfhuizen,3.98125,50.94325
1187,008884632,Ville-Pommeroeul,Ville-Pommeroeul,Ville-Pommeroeul,http://live.dbpedia.org/resource/Ville-Pommeroeul,3.724245,50.464544
1189,008872579,Villers-la-Ville,Villers-la-Ville,Villers-la-Ville,http://live.dbpedia.org/resource/Villers-la-Ville,4.533348,50.578104
1192,008811189,Vilvoorde,Vilvoorde,Vilvoorde,http://live.dbpedia.org/resource/Vilvoorde,4.432826,50.924581
1194,008866407,Virton,Virton,Virton,http://live.dbpedia.org/resource/Virton,5.519122,49.560822
1195,008846201,Wezet,Wezet,Wezet,http://live.dbpedia.org/resource/Wezet,5.692544,50.73776
1198,008866118,Viville,Viville,Viville,http://live.dbpedia.org/resource/Viville,5.786525,49.688239
12,008886546,Acren,Acren,Acren,http://live.dbpedia.org/resource/Acren,3.84709,50.733098
120,008811734,Basse-Wavre,Basse-Wavre,Basse-Wavre,http://live.dbpedia.org/resource/Basse-Wavre,4.621653,50.724421
1202,008841327,Voroux,Voroux,Voroux,http://live.dbpedia.org/resource/Voroux,5.431066,50.660752
1206,008893815,Waarschoot,Waarschoot,Waarschoot,http://live.dbpedia.org/resource/Waarschoot,3.61535,51.15461
1207,008873007,Walcourt,Walcourt,Walcourt,http://live.dbpedia.org/resource/Walcourt,4.435877,50.25922
121,008883436,Opzullik,Opzullik,Opzullik,http://live.dbpedia.org/resource/Opzullik,3.935863,50.662386
1212,008896149,Waregem,Waregem,Waregem,http://live.dbpedia.org/resource/Waregem,3.42551,50.89246
1213,008841400,Borgworm,Borgworm,Borgworm,http://live.dbpedia.org/resource/Borgworm,5.249475,50.694549
1218,008814266,Waterloo,Waterloo,Waterloo,http://live.dbpedia.org/resource/Waterloo,4.383485,50.715418
1219,008811429,Watermaal,Watermaal,Watermaal,http://live.dbpedia.org/resource/Watermaal,4.399887,50.80917
1223,008811726,Waver,Waver,Waver,http://live.dbpedia.org/resource/Waver,4.604778,50.716267
1224,008822251,Weerde,Weerde,Weerde,http://live.dbpedia.org/resource/Weerde,4.470935,50.977447
1226,008844503,Welkenraedt,Welkenraedt,Welkenraedt,http://live.dbpedia.org/resource/Welkenraedt,5.975386,50.659705
1228,008895851,Welle,Welle,Welle,http://live.dbpedia.org/resource/Welle,4.050617,50.903276
1229,008896396,Wervik,Wervik,Wervik,http://live.dbpedia.org/resource/Wervik,3.04698,50.78186
1230,008822525,Wespelaar-Tildonk,Wespelaar-Tildonk,Wespelaar-Tildonk,http://live.dbpedia.org/resource/Wespelaar-Tildonk,4.638014,50.958547
1231,008832250,Zolder,Zolder,Zolder,http://live.dbpedia.org/resource/Zolder,5.33058,51.033383
1232,008821709,Wolfstee,Wolfstee,Wolfstee,http://live.dbpedia.org/resource/Wolfstee,4.784744,51.16853
1234,008893559,Wetteren,Wetteren,Wetteren,http://live.dbpedia.org/resource/Wetteren,3.88188,51.0016
1235,008896370,Wevelgem,Wevelgem,Wevelgem,http://live.dbpedia.org/resource/Wevelgem,3.183519,50.811522
1238,008833233,Wezemaal,Wezemaal,Wezemaal,http://live.dbpedia.org/resource/Wezemaal,4.747681,50.95626
1242,008833175,Wijgmaal,Wijgmaal,Wijgmaal,http://live.dbpedia.org/resource/Wijgmaal,4.701478,50.922745
1244,008821436,Wildert,Wildert,Wildert,http://live.dbpedia.org/resource/Wildert,4.463349,51.428091
1245,008822608,Willebroek,Willebroek,Willebroek,http://live.dbpedia.org/resource/Willebroek,4.35602,51.066344
1248,008893211,Wondelgem,Wondelgem,Wondelgem,http://live.dbpedia.org/resource/Wondelgem,3.719075,51.088357
1253,008893534,Wichelen,Wichelen,Wichelen,http://live.dbpedia.org/resource/Wichelen,3.969195,51.001964
1254,008873239,Yves-Gomezée,Yves-Gomezée,Yves-Gomezée,http://live.dbpedia.org/resource/Yves-Gomezée,4.492709,50.237133
1255,008863545,Yvoir,Yvoir,Yvoir,http://live.dbpedia.org/resource/Yvoir,4.87864,50.32084
1256,008895737,Zandbergen,Zandbergen,Zandbergen,http://live.dbpedia.org/resource/Zandbergen,3.957652,50.806986
126,008863867,Beauraing,Beauraing,Beauraing,http://live.dbpedia.org/resource/Beauraing,4.95684,50.114433
1260,008811221,Zaventem,Zaventem,Zaventem,http://live.dbpedia.org/resource/Zaventem,4.46989,50.88572
1261,008891264,Zedelgem,Zedelgem,Zedelgem,http://live.dbpedia.org/resource/Zedelgem,3.164142,51.127048
1262,008891553,Zeebrugge-Dorp,Zeebrugge-Dorp,Zeebrugge-Dorp,http://live.dbpedia.org/resource/Zeebrugge-Dorp,3.195171,51.326381
1265,008894235,Zele,Zele,Zele,http://live.dbpedia.org/resource/Zele,4.042001,51.073255
1266,008812062,Zellik,Zellik,Zellik,http://live.dbpedia.org/resource/Zellik,4.274546,50.890032
127,008891124,Beernem,Beernem,Beernem,http://live.dbpedia.org/resource/Beernem,3.32989,51.12801
1270,008833274,Zichem,Zichem,Zichem,http://live.dbpedia.org/resource/Zichem,4.98736,51.00669
1272,008892635,Zingem,Zingem,Zingem,http://live.dbpedia.org/resource/Zingem,3.646381,50.908026
1274,008895208,Zottegem,Zottegem,Zottegem,http://live.dbpedia.org/resource/Zottegem,3.81441,50.8691
1275,008891611,Zwankendamme,Zwankendamme,Zwankendamme,http://live.dbpedia.org/resource/Zwankendamme,3.19156,51.30641
1278,008894821,Zwijndrecht,Zwijndrecht,Zwijndrecht,http://live.dbpedia.org/resource/Zwijndrecht,4.329776,51.214106
128,008814423,Beersel,Beersel,Beersel,http://live.dbpedia.org/resource/Beersel,4.302603,50.766613
13,008892338,De Panne,De Panne,De Panne,http://live.dbpedia.org/resource/De_Panne,2.601966,51.077398
130,008894151,Beervelde,Beervelde,Beervelde,http://live.dbpedia.org/resource/Beervelde,3.879383,51.087527
132,008821865,Begijnendijk,Begijnendijk,Begijnendijk,http://live.dbpedia.org/resource/Begijnendijk,4.80034,51.02197
133,008871183,Beignée,Beignée,Beignée,http://live.dbpedia.org/resource/Beignée,4.406305,50.333893
1348,008832235,Beringen,Beringen,Beringen,http://live.dbpedia.org/resource/Beringen,5.23589,51.0506
1350,008832334,Zonhoven,Zonhoven,Zonhoven,http://live.dbpedia.org/resource/Zonhoven,5.348813,50.98956
136,008891157,Bellem,Bellem,Bellem,http://live.dbpedia.org/resource/Bellem,3.48737,51.08391
138,008894433,Belsele,Belsele,Belsele,http://live.dbpedia.org/resource/Belsele,4.08861,51.150993
139,008821121,Antwerpen-Berchem,Antwerpen-Berchem,Antwerpen-Berchem,http://live.dbpedia.org/resource/Antwerpen-Berchem,4.432219,51.199228
142,008821816,Berlaar,Berlaar,Berlaar,http://live.dbpedia.org/resource/Berlaar,4.638808,51.113659
143,008832227,Beverlo,Beverlo,Beverlo,http://live.dbpedia.org/resource/Beverlo,5.234375,51.087724
146,008865300,Bertrix,Bertrix,Bertrix,http://live.dbpedia.org/resource/Bertrix,5.267189,49.852833
147,008873320,Berzée,Berzée,Berzée,http://live.dbpedia.org/resource/Berzée,4.405909,50.285603
148,008861424,Beuzet,Beuzet,Beuzet,http://live.dbpedia.org/resource/Beuzet,4.748531,50.534209
151,008894748,Beveren (Waas),Beveren (Waas),Beveren (Waas),http://live.dbpedia.org/resource/Beveren_(Waas),4.259538,51.20832
153,008811718,Bierges-Walibi,Bierges-Walibi,Bierges-Walibi,http://live.dbpedia.org/resource/Bierges-Walibi,4.591513,50.705251
155,008841319,Bierset-Awans,Bierset-Awans,Bierset-Awans,http://live.dbpedia.org/resource/Bierset-Awans,5.456709,50.658243
157,008831138,Bilzen,Bilzen,Bilzen,http://live.dbpedia.org/resource/Bilzen,5.50938,50.86864
158,008882362,Binche,Binche,Binche,http://live.dbpedia.org/resource/Binche,4.17245,50.40876
16,008874583,Aiseau,Aiseau,Aiseau,http://live.dbpedia.org/resource/Aiseau,4.58455,50.429533
160,008896388,Bissegem,Bissegem,Bissegem,http://live.dbpedia.org/resource/Bissegem,3.224208,50.825848
166,008891405,Blankenberge,Blankenberge,Blankenberge,http://live.dbpedia.org/resource/Blankenberge,3.13386,51.31243
1663,008811155,Haren,Haren,Haren,http://live.dbpedia.org/resource/Haren,4.41998,50.888879
1666,008832573,Overpelt,Overpelt,Overpelt,http://live.dbpedia.org/resource/Overpelt,5.422756,51.215622
167,008861531,Blanmont,Blanmont,Blanmont,http://live.dbpedia.org/resource/Blanmont,4.63639,50.61945
1670,008831765,Genk,Genk,Genk,http://live.dbpedia.org/resource/Genk,5.497683,50.967056
169,008884715,Blaton,Blaton,Blaton,http://live.dbpedia.org/resource/Blaton,3.666308,50.505459
171,008841434,Bleret,Bleret,Bleret,http://live.dbpedia.org/resource/Bleret,5.286398,50.685066
1730,00203959,Sint-Gillis (Dendermonde),Sint-Gillis (Dendermonde),Sint-Gillis (Dendermonde),http://live.dbpedia.org/resource/Sint-Gillis_(Dendermonde),4.118219,51.021649
1744,008882206,La Louvière-Zuid,La Louvière-Zuid,La Louvière-Zuid,http://live.dbpedia.org/resource/La_Louvière-Zuid,4.190609,50.464974
1761,008811205,Delta,Delta,Delta,http://live.dbpedia.org/resource/Delta,4.403871,50.818362
1767,008812021,Bockstael,Bockstael,Bockstael,http://live.dbpedia.org/resource/Bockstael,4.34851,50.87943
1768,008812013,Simonis,Simonis,Simonis,http://live.dbpedia.org/resource/Simonis,4.330668,50.863124
177,008821634,Boechout,Boechout,Boechout,http://live.dbpedia.org/resource/Boechout,4.494487,51.163478
183,008811437,Bosvoorde,Bosvoorde,Bosvoorde,http://live.dbpedia.org/resource/Bosvoorde,4.408112,50.794698
1839,008821105,Noorderkempen,Noorderkempen,Noorderkempen,http://live.dbpedia.org/resource/Noorderkempen,4.6322,51.356836
184,008831781,Bokrijk,Bokrijk,Bokrijk,http://live.dbpedia.org/resource/Bokrijk,5.408383,50.955815
1841,008866654,Aubange,Aubange,Aubange,http://live.dbpedia.org/resource/Aubange,5.798058,49.564095
1842,008866662,Messancy,Messancy,Messancy,http://live.dbpedia.org/resource/Messancy,5.818919,49.592782
1843,008893252,Evergem,Evergem,Evergem,http://live.dbpedia.org/resource/Evergem,3.701381,51.107583
185,008864469,Bomal,Bomal,Bomal,http://live.dbpedia.org/resource/Bomal,5.519304,50.3768
187,008821857,Booischot,Booischot,Booischot,http://live.dbpedia.org/resource/Booischot,4.773481,51.03734
188,008822814,Boom,Boom,Boom,http://live.dbpedia.org/resource/Boom,4.360698,51.090713
189,008814456,Boondaal,Boondaal,Boondaal,http://live.dbpedia.org/resource/Boondaal,4.393387,50.801665
19,008831039,Alken,Alken,Alken,http://live.dbpedia.org/resource/Alken,5.292867,50.886834
190,008822475,Boortmeerbeek,Boortmeerbeek,Boortmeerbeek,http://live.dbpedia.org/resource/Boortmeerbeek,4.5739,50.98185
191,008811163,Bordet,Bordet,Bordet,http://live.dbpedia.org/resource/Bordet,4.410024,50.877787
192,008822772,Bornem,Bornem,Bornem,http://live.dbpedia.org/resource/Bornem,4.24053,51.09923
195,008884319,Boussu,Boussu,Boussu,http://live.dbpedia.org/resource/Boussu,3.797027,50.436384
199,008821725,Bouwel,Bouwel,Bouwel,http://live.dbpedia.org/resource/Bouwel,4.746515,51.165762
201,008881463,Bracquegnies,Bracquegnies,Bracquegnies,http://live.dbpedia.org/resource/Bracquegnies,4.126349,50.474458
203,008814258,Eigenbrakel,Eigenbrakel,Eigenbrakel,http://live.dbpedia.org/resource/Eigenbrakel,4.375526,50.684778
205,008883006,'s-Gravenbrakel,'s-Gravenbrakel,'s-Gravenbrakel,http://live.dbpedia.org/resource/'s-Gravenbrakel,4.137662,50.605079
208,008843901,Bressoux,Bressoux,Bressoux,http://live.dbpedia.org/resource/Bressoux,5.611062,50.643963
209,008886066,Brugelette,Brugelette,Brugelette,http://live.dbpedia.org/resource/Brugelette,3.852551,50.594233
210,008891009,Brugge,Brugge,Brugge,http://live.dbpedia.org/resource/Brugge,3.21673,51.19723
212,008891033,Brugge-Sint-Pieters,Brugge-Sint-Pieters,Brugge-Sint-Pieters,http://live.dbpedia.org/resource/Brugge-Sint-Pieters,3.201796,51.223116
215,008813003,Brussel-Centraal,Brussel-Centraal,Brussel-Centraal,http://live.dbpedia.org/resource/Brussel-Centraal,4.356801,50.845658
216,008813045,Brussel-Congres,Brussel-Congres,Brussel-Congres,http://live.dbpedia.org/resource/Brussel-Congres,4.362051,50.852067
217,008813037,Brussel-Kapellekerk,Brussel-Kapellekerk,Brussel-Kapellekerk,http://live.dbpedia.org/resource/Brussel-Kapellekerk,4.347866,50.841127
218,008811304,Brussel-Luxemburg,Brussel-Luxemburg,Brussel-Luxemburg,http://live.dbpedia.org/resource/Brussel-Luxemburg,4.373674,50.838943
219,008819406,Brussel-Nationaal-Luchthaven,Brussel-Nationaal-Luchthaven,Brussel-Nationaal-Luchthaven,http://live.dbpedia.org/resource/Brussel-Nationaal-Luchthaven,4.482075,50.896456
22,008843331,Amay,Amay,Amay,http://live.dbpedia.org/resource/Amay,5.32049,50.54601
220,008814001,Brussel-Zuid,Brussel-Zuid,Brussel-Zuid,http://live.dbpedia.org/resource/Brussel-Zuid,4.336531,50.835707
221,008812005,Brussel-Noord,Brussel-Noord,Brussel-Noord,http://live.dbpedia.org/resource/Brussel-Noord,4.360846,50.859663
223,008815040,Brussel-West,Brussel-West,Brussel-West,http://live.dbpedia.org/resource/Brussel-West,4.321042,50.848552
227,008811916,Brussel-Schuman,Brussel-Schuman,Brussel-Schuman,http://live.dbpedia.org/resource/Brussel-Schuman,4.37834,50.842368
229,008811148,Buda,Buda,Buda,http://live.dbpedia.org/resource/Buda,4.417075,50.907496
231,008822145,Buggenhout,Buggenhout,Buggenhout,http://live.dbpedia.org/resource/Buggenhout,4.201663,51.016294
232,008814340,Buizingen,Buizingen,Buizingen,http://live.dbpedia.org/resource/Buizingen,4.25856,50.75158
235,008895455,Burst,Burst,Burst,http://live.dbpedia.org/resource/Burst,3.920911,50.907103
24,008843323,Ampsin,Ampsin,Ampsin,http://live.dbpedia.org/resource/Ampsin,5.289727,50.53922
243,008812211,Sint-Agatha-Berchem,Sint-Agatha-Berchem,Sint-Agatha-Berchem,http://live.dbpedia.org/resource/Sint-Agatha-Berchem,4.289895,50.872625
246,008884889,Callenelle,Callenelle,Callenelle,http://live.dbpedia.org/resource/Callenelle,3.526178,50.527359
247,008886074,Cambron-Casteau,Cambron-Casteau,Cambron-Casteau,http://live.dbpedia.org/resource/Cambron-Casteau,3.87481,50.586759
249,008865565,Carlsbourg,Carlsbourg,Carlsbourg,http://live.dbpedia.org/resource/Carlsbourg,5.086992,49.907433
25,008863404,Andenne,Andenne,Andenne,http://live.dbpedia.org/resource/Andenne,5.094701,50.496764
250,008882248,Carnières,Carnières,Carnières,http://live.dbpedia.org/resource/Carnières,4.263826,50.447957
252,008811817,Céroux-Mousty,Céroux-Mousty,Céroux-Mousty,http://live.dbpedia.org/resource/Céroux-Mousty,4.569046,50.659941
255,008861317,Chapelle-Dieu,Chapelle-Dieu,Chapelle-Dieu,http://live.dbpedia.org/resource/Chapelle-Dieu,4.697624,50.557375
257,008864824,Chapois,Chapois,Chapois,http://live.dbpedia.org/resource/Chapois,5.12426,50.26237
258,008872066,Charleroi-West,Charleroi-West,Charleroi-West,http://live.dbpedia.org/resource/Charleroi-West,4.436653,50.410948
259,008872009,Charleroi-Zuid,Charleroi-Zuid,Charleroi-Zuid,http://live.dbpedia.org/resource/Charleroi-Zuid,4.438567,50.40471
261,008861523,Chastre,Chastre,Chastre,http://live.dbpedia.org/resource/Chastre,4.649833,50.607464
262,008863438,Château-de-Seilles,Château-de-Seilles,Château-de-Seilles,http://live.dbpedia.org/resource/Château-de-Seilles,5.081745,50.497209
263,008874005,Châtelet,Châtelet,Châtelet,http://live.dbpedia.org/resource/Châtelet,4.521861,50.410103
266,008842036,Chênée,Chênée,Chênée,http://live.dbpedia.org/resource/Chênée,5.616073,50.608019
27,008842002,Angleur,Angleur,Angleur,http://live.dbpedia.org/resource/Angleur,5.599695,50.613153
272,008864501,Ciney,Ciney,Ciney,http://live.dbpedia.org/resource/Ciney,5.091406,50.291054
277,008842838,Comblain-la-Tour,Comblain-la-Tour,Comblain-la-Tour,http://live.dbpedia.org/resource/Comblain-la-Tour,5.566959,50.456863
278,008896412,Komen,Komen,Komen,http://live.dbpedia.org/resource/Komen,2.999286,50.772072
281,008874054,Couillet,Couillet,Couillet,http://live.dbpedia.org/resource/Couillet,4.468512,50.392718
286,008871225,Courcelles-Motte,Courcelles-Motte,Courcelles-Motte,http://live.dbpedia.org/resource/Courcelles-Motte,4.40053,50.46201
287,008864949,Courrière,Courrière,Courrière,http://live.dbpedia.org/resource/Courrière,4.995,50.388879
288,008873379,Cour-sur-Heure,Cour-sur-Heure,Cour-sur-Heure,http://live.dbpedia.org/resource/Cour-sur-Heure,4.391492,50.300139
289,008811825,Court-Saint-Etienne,Court-Saint-Etienne,Court-Saint-Etienne,http://live.dbpedia.org/resource/Court-Saint-Etienne,4.56582,50.64557
29,008728685,Annappes,Annappes,Annappes,http://live.dbpedia.org/resource/Annappes,3.147411,50.622791
291,008875127,Couvin,Couvin,Couvin,http://live.dbpedia.org/resource/Couvin,4.492653,50.057871
30,008821048,Antwerpen-Haven,Antwerpen-Haven,Antwerpen-Haven,http://live.dbpedia.org/resource/Antwerpen-Haven,4.389299,51.289104
31,008841202,Ans,Ans,Ans,http://live.dbpedia.org/resource/Ans,5.5097,50.66121
313,008863362,Dave-Saint-Martin,Dave-Saint-Martin,Dave-Saint-Martin,http://live.dbpedia.org/resource/Dave-Saint-Martin,4.884417,50.429102
316,008814175,De Hoek,De Hoek,De Hoek,http://live.dbpedia.org/resource/De_Hoek,4.370713,50.738812
317,008892106,Deinze,Deinze,Deinze,http://live.dbpedia.org/resource/Deinze,3.534435,50.978261
318,008895802,Denderleeuw,Denderleeuw,Denderleeuw,http://live.dbpedia.org/resource/Denderleeuw,4.074233,50.890522
319,008893401,Dendermonde,Dendermonde,Dendermonde,http://live.dbpedia.org/resource/Dendermonde,4.10143,51.02278
320,008892080,De Pinte,De Pinte,De Pinte,http://live.dbpedia.org/resource/De_Pinte,3.650467,50.99706
324,008831112,Diepenbeek,Diepenbeek,Diepenbeek,http://live.dbpedia.org/resource/Diepenbeek,5.419946,50.910454
325,008811213,Diegem,Diegem,Diegem,http://live.dbpedia.org/resource/Diegem,4.442773,50.890481
326,008831401,Diest,Diest,Diest,http://live.dbpedia.org/resource/Diest,5.05003,50.99334
327,008892452,Diksmuide,Diksmuide,Diksmuide,http://live.dbpedia.org/resource/Diksmuide,2.870578,51.03364
328,008812237,Dilbeek,Dilbeek,Dilbeek,http://live.dbpedia.org/resource/Dilbeek,4.24339,50.86673
329,008863503,Dinant,Dinant,Dinant,http://live.dbpedia.org/resource/Dinant,4.90818,50.26072
331,008844545,Dolhain-Gileppe,Dolhain-Gileppe,Dolhain-Gileppe,http://live.dbpedia.org/resource/Dolhain-Gileppe,5.93649,50.616244
335,008892031,Drongen,Drongen,Drongen,http://live.dbpedia.org/resource/Drongen,3.655201,51.047292
336,008822210,Duffel,Duffel,Duffel,http://live.dbpedia.org/resource/Duffel,4.493184,51.091245
337,008891652,Duinbergen,Duinbergen,Duinbergen,http://live.dbpedia.org/resource/Duinbergen,3.263591,51.338199
34,008863818,Anseremme,Anseremme,Anseremme,http://live.dbpedia.org/resource/Anseremme,4.904672,50.237128
342,008883212,Ecaussinnes,Ecaussinnes,Ecaussinnes,http://live.dbpedia.org/resource/Ecaussinnes,4.156637,50.562387
345,008895877,Ede,Ede,Ede,http://live.dbpedia.org/resource/Ede,3.987525,50.911053
346,008893708,Eeklo,Eeklo,Eeklo,http://live.dbpedia.org/resource/Eeklo,3.574518,51.181329
347,008895752,Eichem,Eichem,Eichem,http://live.dbpedia.org/resource/Eichem,3.993748,50.823992
348,008892627,Eine,Eine,Eine,http://live.dbpedia.org/resource/Eine,3.623777,50.870429
35,008885522,Antoing,Antoing,Antoing,http://live.dbpedia.org/resource/Antoing,3.45131,50.56963
351,008892650,Eke-Nazareth,Eke-Nazareth,Eke-Nazareth,http://live.dbpedia.org/resource/Eke-Nazareth,3.627836,50.960775
352,008821071,Ekeren,Ekeren,Ekeren,http://live.dbpedia.org/resource/Ekeren,4.434153,51.281627
360,008883311,Edingen,Edingen,Edingen,http://live.dbpedia.org/resource/Edingen,4.047357,50.697273
361,008843240,Engis,Engis,Engis,http://live.dbpedia.org/resource/Engis,5.40199,50.58296
363,008822269,Eppegem,Eppegem,Eppegem,http://live.dbpedia.org/resource/Eppegem,4.45749,50.9584
364,008881158,Erbisoeul,Erbisoeul,Erbisoeul,http://live.dbpedia.org/resource/Erbisoeul,3.887991,50.507024
365,008895091,Erembodegem,Erembodegem,Erembodegem,http://live.dbpedia.org/resource/Erembodegem,4.055451,50.919618
366,008861515,Ernage,Ernage,Ernage,http://live.dbpedia.org/resource/Ernage,4.667119,50.592412
367,008895471,Erpe-Mere,Erpe-Mere,Erpe-Mere,http://live.dbpedia.org/resource/Erpe-Mere,3.96246,50.9286
368,008811262,Erps-Kwerps,Erps-Kwerps,Erps-Kwerps,http://live.dbpedia.org/resource/Erps-Kwerps,4.585,50.89651
369,008871605,Erquelinnes,Erquelinnes,Erquelinnes,http://live.dbpedia.org/resource/Erquelinnes,4.11356,50.30419
37,008821006,Antwerpen-Centraal,Antwerpen-Centraal,Antwerpen-Centraal,http://live.dbpedia.org/resource/Antwerpen-Centraal,4.421098,51.217199
371,008871647,Erquelinnes-Dorp,Erquelinnes-Dorp,Erquelinnes-Dorp,http://live.dbpedia.org/resource/Erquelinnes-Dorp,4.113562,50.304192
375,008842663,Esneux,Esneux,Esneux,http://live.dbpedia.org/resource/Esneux,5.572567,50.530564
376,008821402,Essen,Essen,Essen,http://live.dbpedia.org/resource/Essen,4.451318,51.462764
378,008812260,Essene-Lombeek,Essene-Lombeek,Essene-Lombeek,http://live.dbpedia.org/resource/Essene-Lombeek,4.11517,50.88245
380,008811411,Etterbeek,Etterbeek,Etterbeek,http://live.dbpedia.org/resource/Etterbeek,4.389517,50.822191
382,008844628,Eupen,Eupen,Eupen,http://live.dbpedia.org/resource/Eupen,6.03711,50.63516
383,008811106,Evere,Evere,Evere,http://live.dbpedia.org/resource/Evere,4.400963,50.867784
384,008833449,Ezemaal,Ezemaal,Ezemaal,http://live.dbpedia.org/resource/Ezemaal,4.99422,50.77213
391,008883238,Familleureux,Familleureux,Familleureux,http://live.dbpedia.org/resource/Familleureux,4.21158,50.51936
392,008874567,Farciennes,Farciennes,Farciennes,http://live.dbpedia.org/resource/Farciennes,4.55265,50.429148
395,008872611,Faux,Faux,Faux,http://live.dbpedia.org/resource/Faux,4.54926,50.62183
399,008841467,Fexhe-le-Haut-Clocher,Fexhe-le-Haut-Clocher,Fexhe-le-Haut-Clocher,http://live.dbpedia.org/resource/Fexhe-le-Haut-Clocher,5.39845,50.664049
400,008861127,Flawinne,Flawinne,Flawinne,http://live.dbpedia.org/resource/Flawinne,4.8063,50.45624
401,008843166,Flémalle-Grande,Flémalle-Grande,Flémalle-Grande,http://live.dbpedia.org/resource/Flémalle-Grande,5.480983,50.605349
402,008843208,Flémalle-Haute,Flémalle-Haute,Flémalle-Haute,http://live.dbpedia.org/resource/Flémalle-Haute,5.457656,50.595308
404,008872413,Fleurus,Fleurus,Fleurus,http://live.dbpedia.org/resource/Fleurus,4.543746,50.481924
405,008864923,Florée,Florée,Florée,http://live.dbpedia.org/resource/Florée,5.056099,50.357786
406,008861135,Floreffe,Floreffe,Floreffe,http://live.dbpedia.org/resource/Floreffe,4.762371,50.443328
409,008866845,Florenville,Florenville,Florenville,http://live.dbpedia.org/resource/Florenville,5.33112,49.70697
410,008811767,Florival,Florival,Florival,http://live.dbpedia.org/resource/Florival,4.65387,50.7615
412,008871688,Fontaine-Valmont,Fontaine-Valmont,Fontaine-Valmont,http://live.dbpedia.org/resource/Fontaine-Valmont,4.212787,50.321169
413,008871514,Forchies,Forchies,Forchies,http://live.dbpedia.org/resource/Forchies,4.323483,50.43305
414,008814118,Vorst-Oost,Vorst-Oost,Vorst-Oost,http://live.dbpedia.org/resource/Vorst-Oost,4.320943,50.810195
415,008814373,Vorst-Zuid,Vorst-Zuid,Vorst-Zuid,http://live.dbpedia.org/resource/Vorst-Zuid,4.309167,50.809215
418,008864311,Forrières,Forrières,Forrières,http://live.dbpedia.org/resource/Forrières,5.276784,50.132759
421,008844255,Fraipont,Fraipont,Fraipont,http://live.dbpedia.org/resource/Fraipont,5.723666,50.565064
422,008881570,Frameries,Frameries,Frameries,http://live.dbpedia.org/resource/Frameries,3.90659,50.405935
423,008844347,Franchimont,Franchimont,Franchimont,http://live.dbpedia.org/resource/Franchimont,5.82222,50.525724
424,008861143,Franière,Franière,Franière,http://live.dbpedia.org/resource/Franière,4.733548,50.439543
427,008885068,Froyennes,Froyennes,Froyennes,http://live.dbpedia.org/resource/Froyennes,3.354835,50.629894
432,008895620,Galmaarden,Galmaarden,Galmaarden,http://live.dbpedia.org/resource/Galmaarden,3.965726,50.743917
433,008811742,Gastuche,Gastuche,Gastuche,http://live.dbpedia.org/resource/Gastuche,4.6496,50.73665
434,008892643,Gavere-Asper,Gavere-Asper,Gavere-Asper,http://live.dbpedia.org/resource/Gavere-Asper,3.639728,50.930021
435,008865649,Gedinne,Gedinne,Gedinne,http://live.dbpedia.org/resource/Gedinne,4.978077,49.984123
436,008832433,Geel,Geel,Geel,http://live.dbpedia.org/resource/Geel,4.988611,51.168957
438,008861200,Gembloux,Gembloux,Gembloux,http://live.dbpedia.org/resource/Gembloux,4.691497,50.570486
442,008863834,Gendron-Celles,Gendron-Celles,Gendron-Celles,http://live.dbpedia.org/resource/Gendron-Celles,4.964611,50.211234
446,008881562,Genly,Genly,Genly,http://live.dbpedia.org/resource/Genly,3.91164,50.39064
447,008893179,Gentbrugge,Gentbrugge,Gentbrugge,http://live.dbpedia.org/resource/Gentbrugge,3.756326,51.038644
449,008893120,Gent-Dampoort,Gent-Dampoort,Gent-Dampoort,http://live.dbpedia.org/resource/Gent-Dampoort,3.74059,51.056369
455,008892007,Gent-Sint-Pieters,Gent-Sint-Pieters,Gent-Sint-Pieters,http://live.dbpedia.org/resource/Gent-Sint-Pieters,3.710673,51.035898
457,008811528,Genval,Genval,Genval,http://live.dbpedia.org/resource/Genval,4.514834,50.725697
458,008895505,Geraardsbergen,Geraardsbergen,Geraardsbergen,http://live.dbpedia.org/resource/Geraardsbergen,3.872326,50.771135
459,008844420,Spa-Géronstère,Spa-Géronstère,Spa-Géronstère,http://live.dbpedia.org/resource/Spa-Géronstère,5.866207,50.489307
462,008881125,Ghlin,Ghlin,Ghlin,http://live.dbpedia.org/resource/Ghlin,3.90634,50.48741
470,008841731,Glaaien,Glaaien,Glaaien,http://live.dbpedia.org/resource/Glaaien,5.535431,50.750426
471,008871381,Godarville,Godarville,Godarville,http://live.dbpedia.org/resource/Godarville,4.29031,50.4928
472,008863560,Godinne,Godinne,Godinne,http://live.dbpedia.org/resource/Godinne,4.86996,50.34891
474,008893047,Gontrode,Gontrode,Gontrode,http://live.dbpedia.org/resource/Gontrode,3.801671,50.980198
477,008845005,Gouvy,Gouvy,Gouvy,http://live.dbpedia.org/resource/Gouvy,5.95391,50.18941
479,008871373,Gouy-lez-Piéton,Gouy-lez-Piéton,Gouy-lez-Piéton,http://live.dbpedia.org/resource/Gouy-lez-Piéton,4.325123,50.497065
480,008865615,Graide,Graide,Graide,http://live.dbpedia.org/resource/Graide,5.043044,49.934132
486,008811445,Groenendaal,Groenendaal,Groenendaal,http://live.dbpedia.org/resource/Groenendaal,4.44949,50.766103
488,008812229,Groot-Bijgaarden,Groot-Bijgaarden,Groot-Bijgaarden,http://live.dbpedia.org/resource/Groot-Bijgaarden,4.273542,50.868338
489,008864337,Grupont,Grupont,Grupont,http://live.dbpedia.org/resource/Grupont,5.280527,50.090596
493,008822517,Haacht,Haacht,Haacht,http://live.dbpedia.org/resource/Haacht,4.613306,50.966432
494,008895869,Haaltert,Haaltert,Haaltert,http://live.dbpedia.org/resource/Haaltert,4.023957,50.906836
496,008866142,Habay,Habay,Habay,http://live.dbpedia.org/resource/Habay,5.632689,49.718252
501,008884327,Hainin,Hainin,Hainin,http://live.dbpedia.org/resource/Hainin,3.766893,50.428021
502,008866530,Halanzy,Halanzy,Halanzy,http://live.dbpedia.org/resource/Halanzy,5.741347,49.556205
504,008814308,Halle,Halle,Halle,http://live.dbpedia.org/resource/Halle,4.240633,50.73393
507,008822533,Hambos,Hambos,Hambos,http://live.dbpedia.org/resource/Hambos,4.66301,50.94425
510,008842846,Hamoir,Hamoir,Hamoir,http://live.dbpedia.org/resource/Hamoir,5.533561,50.428184
514,008873387,Ham-sur-Heure,Ham-sur-Heure,Ham-sur-Heure,http://live.dbpedia.org/resource/Ham-sur-Heure,4.404698,50.319557
515,008861168,Ham-sur-Sambre,Ham-sur-Sambre,Ham-sur-Sambre,http://live.dbpedia.org/resource/Ham-sur-Sambre,4.672416,50.452851
518,008891165,Hansbeke,Hansbeke,Hansbeke,http://live.dbpedia.org/resource/Hansbeke,3.53621,51.073206
519,008884640,Harchies,Harchies,Harchies,http://live.dbpedia.org/resource/Harchies,3.698768,50.482565
520,008896115,Harelbeke,Harelbeke,Harelbeke,http://live.dbpedia.org/resource/Harelbeke,3.314007,50.855865
521,008811130,Haren-Zuid,Haren-Zuid,Haren-Zuid,http://live.dbpedia.org/resource/Haren-Zuid,4.417589,50.89021
523,008831005,Hasselt,Hasselt,Hasselt,http://live.dbpedia.org/resource/Hasselt,5.327631,50.930826
530,008843349,Haute-Flône,Haute-Flône,Haute-Flône,http://live.dbpedia.org/resource/Haute-Flône,5.330333,50.55349
532,008864832,Haversin,Haversin,Haversin,http://live.dbpedia.org/resource/Haversin,5.194376,50.249041
535,008881430,Havré,Havré,Havré,http://live.dbpedia.org/resource/Havré,4.059987,50.470754
539,008821519,Heide,Heide,Heide,http://live.dbpedia.org/resource/Heide,4.460482,51.364621
540,008891645,Heist,Heist,Heist,http://live.dbpedia.org/resource/Heist,3.239182,51.333975
541,008821832,Heist-op-den-Berg,Heist-op-den-Berg,Heist-op-den-Berg,http://live.dbpedia.org/resource/Heist-op-den-Berg,4.708231,51.074145
542,008812153,Heizijde,Heizijde,Heizijde,http://live.dbpedia.org/resource/Heizijde,4.156174,50.989597
546,008824224,Hemiksem,Hemiksem,Hemiksem,http://live.dbpedia.org/resource/Hemiksem,4.338294,51.136245
550,008883022,Hennuyères,Hennuyères,Hennuyères,http://live.dbpedia.org/resource/Hennuyères,4.175893,50.651005
553,008811288,Herent,Herent,Herent,http://live.dbpedia.org/resource/Herent,4.67219,50.90353
554,008821717,Herentals,Herentals,Herentals,http://live.dbpedia.org/resource/Herentals,4.82954,51.181512
559,008895646,Herne,Herne,Herne,http://live.dbpedia.org/resource/Herne,4.014578,50.723705
560,008885753,Herseaux,Herseaux,Herseaux,http://live.dbpedia.org/resource/Herseaux,3.245961,50.713897
562,008841608,Herstal,Herstal,Herstal,http://live.dbpedia.org/resource/Herstal,5.622762,50.660913
563,008895430,Herzele,Herzele,Herzele,http://live.dbpedia.org/resource/Herzele,3.880616,50.897222
565,008832243,Heusden,Heusden,Heusden,http://live.dbpedia.org/resource/Heusden,5.281786,51.038205
566,008822459,Hever,Hever,Hever,http://live.dbpedia.org/resource/Hever,4.537634,50.997789
567,008833126,Heverlee,Heverlee,Heverlee,http://live.dbpedia.org/resource/Heverlee,4.695201,50.862529
568,008895422,Hillegem,Hillegem,Hillegem,http://live.dbpedia.org/resource/Hillegem,3.85747,50.8913
570,008824158,Hoboken-Polder,Hoboken-Polder,Hoboken-Polder,http://live.dbpedia.org/resource/Hoboken-Polder,4.347787,51.182697
572,008811460,Hoeilaart,Hoeilaart,Hoeilaart,http://live.dbpedia.org/resource/Hoeilaart,4.46741,50.76016
574,008822277,Hofstade,Hofstade,Hofstade,http://live.dbpedia.org/resource/Hofstade,4.49834,50.98866
578,008814159,Holleken,Holleken,Holleken,http://live.dbpedia.org/resource/Holleken,4.353956,50.767628
579,008842655,Hony,Hony,Hony,http://live.dbpedia.org/resource/Hony,5.573567,50.539921
58,008821089,Antwerpen-Noorderdokken,Antwerpen-Noorderdokken,Antwerpen-Noorderdokken,http://live.dbpedia.org/resource/Antwerpen-Noorderdokken,4.42791,51.26164
583,008886553,Houraing,Houraing,Houraing,http://live.dbpedia.org/resource/Houraing,3.834917,50.702026
585,008871829,Hourpes,Hourpes,Hourpes,http://live.dbpedia.org/resource/Hourpes,4.30874,50.36369
589,008863842,Houyet,Houyet,Houyet,http://live.dbpedia.org/resource/Houyet,5.006076,50.189868
590,008821337,Hove,Hove,Hove,http://live.dbpedia.org/resource/Hove,4.465158,51.154118
591,008814415,Huizingen,Huizingen,Huizingen,http://live.dbpedia.org/resource/Huizingen,4.266485,50.751905
592,008843307,Hoei,Hoei,Hoei,http://live.dbpedia.org/resource/Hoei,5.234211,50.527242
6,008895000,Aalst,Aalst,Aalst,http://live.dbpedia.org/resource/Aalst,4.039649,50.942818
600,008895844,Iddergem,Iddergem,Iddergem,http://live.dbpedia.org/resource/Iddergem,4.068488,50.876886
601,008895729,Idegem,Idegem,Idegem,http://live.dbpedia.org/resource/Idegem,3.921556,50.801876
602,008896503,Ieper,Ieper,Ieper,http://live.dbpedia.org/resource/Ieper,2.87659,50.8474
604,008896925,Ingelmunster,Ingelmunster,Ingelmunster,http://live.dbpedia.org/resource/Ingelmunster,3.255416,50.914331
606,008896909,Izegem,Izegem,Izegem,http://live.dbpedia.org/resource/Izegem,3.212089,50.921149
610,008863354,Jambes-Oost,Jambes-Oost,Jambes-Oost,http://live.dbpedia.org/resource/Jambes-Oost,4.876144,50.454843
611,008863115,Jambes,Jambes,Jambes,http://live.dbpedia.org/resource/Jambes,4.876143,50.454846
612,008871175,Jamioulx,Jamioulx,Jamioulx,http://live.dbpedia.org/resource/Jamioulx,4.41129,50.352901
615,008884566,Jemappes,Jemappes,Jemappes,http://live.dbpedia.org/resource/Jemappes,3.885583,50.452577
617,008864006,Jemelle,Jemelle,Jemelle,http://live.dbpedia.org/resource/Jemelle,5.266697,50.160405
619,008843158,Jemeppe-sur-Meuse,Jemeppe-sur-Meuse,Jemeppe-sur-Meuse,http://live.dbpedia.org/resource/Jemeppe-sur-Meuse,5.497722,50.618517
620,008874724,Jemeppe-sur-Sambre,Jemeppe-sur-Sambre,Jemeppe-sur-Sambre,http://live.dbpedia.org/resource/Jemeppe-sur-Sambre,4.66263,50.45095
621,008812047,Jette,Jette,Jette,http://live.dbpedia.org/resource/Jette,4.328463,50.88091
628,008881166,Jurbeke,Jurbeke,Jurbeke,http://live.dbpedia.org/resource/Jurbeke,3.910694,50.530496
629,008844321,Juslenville,Juslenville,Juslenville,http://live.dbpedia.org/resource/Juslenville,5.809935,50.544715
630,008821444,Kalmthout,Kalmthout,Kalmthout,http://live.dbpedia.org/resource/Kalmthout,4.466825,51.391176
632,008821535,Kapellen,Kapellen,Kapellen,http://live.dbpedia.org/resource/Kapellen,4.432662,51.31353
634,008822053,Kapelle-op-den-Bos,Kapelle-op-den-Bos,Kapelle-op-den-Bos,http://live.dbpedia.org/resource/Kapelle-op-den-Bos,4.359118,51.010841
635,008821659,Kessel,Kessel,Kessel,http://live.dbpedia.org/resource/Kessel,4.61846,51.15106
636,008832375,Kiewit,Kiewit,Kiewit,http://live.dbpedia.org/resource/Kiewit,5.350226,50.954845
637,008821451,Kijkuit,Kijkuit,Kijkuit,http://live.dbpedia.org/resource/Kijkuit,4.467318,51.378661
64,008821196,Antwerpen-Zuid,Antwerpen-Zuid,Antwerpen-Zuid,http://live.dbpedia.org/resource/Antwerpen-Zuid,4.390264,51.197833
642,008891660,Knokke,Knokke,Knokke,http://live.dbpedia.org/resource/Knokke,3.28519,51.339898
643,008892320,Koksijde,Koksijde,Koksijde,http://live.dbpedia.org/resource/Koksijde,2.652773,51.079199
644,008821311,Kontich,Kontich,Kontich,http://live.dbpedia.org/resource/Kontich,4.476358,51.134026
647,008892403,Kortemark,Kortemark,Kortemark,http://live.dbpedia.org/resource/Kortemark,3.043456,51.025244
648,008811254,Kortenberg,Kortenberg,Kortenberg,http://live.dbpedia.org/resource/Kortenberg,4.5433,50.89307
649,008896008,Kortrijk,Kortrijk,Kortrijk,http://live.dbpedia.org/resource/Kortrijk,3.264548,50.824504
654,008893567,Kwatrecht,Kwatrecht,Kwatrecht,http://live.dbpedia.org/resource/Kwatrecht,3.829591,50.991748
66,008892734,Anzegem,Anzegem,Anzegem,http://live.dbpedia.org/resource/Anzegem,3.495013,50.826385
664,008871670,Labuissière,Labuissière,Labuissière,http://live.dbpedia.org/resource/Labuissière,4.186833,50.316328
67,008895745,Appelterre,Appelterre,Appelterre,http://live.dbpedia.org/resource/Appelterre,3.972107,50.813067
672,008811510,Terhulpen,Terhulpen,Terhulpen,http://live.dbpedia.org/resource/Terhulpen,4.49706,50.737958
673,008882107,La Louvière-Centrum,La Louvière-Centrum,La Louvière-Centrum,http://live.dbpedia.org/resource/La_Louvière-Centrum,4.179858,50.478161
68,008811759,Eerken,Eerken,Eerken,http://live.dbpedia.org/resource/Eerken,4.662444,50.754345
682,008892056,Landegem,Landegem,Landegem,http://live.dbpedia.org/resource/Landegem,3.576856,51.064313
683,008871837,Landelies,Landelies,Landelies,http://live.dbpedia.org/resource/Landelies,4.35098,50.37731
684,008833605,Landen,Landen,Landen,http://live.dbpedia.org/resource/Landen,5.07966,50.74793
685,008893054,Landskouter,Landskouter,Landskouter,http://live.dbpedia.org/resource/Landskouter,3.791148,50.970549
686,008833258,Langdorp,Langdorp,Langdorp,http://live.dbpedia.org/resource/Langdorp,4.86354,51.00247
692,008872587,La Roche (Brabant),La Roche (Brabant),La Roche (Brabant),http://live.dbpedia.org/resource/La_Roche_(Brabant),4.539157,50.610338
699,008812161,Lebbeke,Lebbeke,Lebbeke,http://live.dbpedia.org/resource/Lebbeke,4.134372,51.005008
70,008866001,Aarlen,Aarlen,Aarlen,http://live.dbpedia.org/resource/Aarlen,5.809971,49.68053
700,008874559,Le Campinaire,Le Campinaire,Le Campinaire,http://live.dbpedia.org/resource/Le_Campinaire,4.552587,50.428938
701,008895067,Lede,Lede,Lede,http://live.dbpedia.org/resource/Lede,3.98498,50.9709
704,008864816,Leignon,Leignon,Leignon,http://live.dbpedia.org/resource/Leignon,5.10778,50.26777
705,008843224,Leman,Leman,Leman,http://live.dbpedia.org/resource/Leman,5.467,50.5995
706,008814332,Lembeek,Lembeek,Lembeek,http://live.dbpedia.org/resource/Lembeek,4.22158,50.71511
707,008881190,Lens,Lens,Lens,http://live.dbpedia.org/resource/Lens,3.903226,50.559339
708,008832003,Leopoldsburg,Leopoldsburg,Leopoldsburg,http://live.dbpedia.org/resource/Leopoldsburg,5.25729,51.11731
710,008886504,Lessen,Lessen,Lessen,http://live.dbpedia.org/resource/Lessen,3.836434,50.712015
715,008833001,Leuven,Leuven,Leuven,http://live.dbpedia.org/resource/Leuven,4.715868,50.882282
719,008886348,Leuze,Leuze,Leuze,http://live.dbpedia.org/resource/Leuze,3.616876,50.600609
720,008882339,Leval,Leval,Leval,http://live.dbpedia.org/resource/Leval,4.21104,50.4308
723,008865003,Libramont,Libramont,Libramont,http://live.dbpedia.org/resource/Libramont,5.37927,49.92043
724,008892205,Lichtervelde,Lichtervelde,Lichtervelde,http://live.dbpedia.org/resource/Lichtervelde,3.127209,51.025162
725,008895836,Liedekerke,Liedekerke,Liedekerke,http://live.dbpedia.org/resource/Liedekerke,4.09529,50.88253
726,008841004,Luik-Guillemins,Luik-Guillemins,Luik-Guillemins,http://live.dbpedia.org/resource/Luik-Guillemins,5.566695,50.62455
728,008841558,Luik-Jonfosse,Luik-Jonfosse,Luik-Jonfosse,http://live.dbpedia.org/resource/Luik-Jonfosse,5.561131,50.640299
730,008841525,Luik-Paleis,Luik-Paleis,Luik-Paleis,http://live.dbpedia.org/resource/Luik-Paleis,5.570453,50.646349
732,008821600,Lier,Lier,Lier,http://live.dbpedia.org/resource/Lier,4.560611,51.135762
733,008841673,Liers,Liers,Liers,http://live.dbpedia.org/resource/Liers,5.566829,50.698185
736,008872520,Ligny,Ligny,Ligny,http://live.dbpedia.org/resource/Ligny,4.566134,50.511728
738,008814241,Lillois,Lillois,Lillois,http://live.dbpedia.org/resource/Lillois,4.363247,50.643742
739,008811635,Limal,Limal,Limal,http://live.dbpedia.org/resource/Limal,4.5753,50.69214
74,008812070,Asse,Asse,Asse,http://live.dbpedia.org/resource/Asse,4.207988,50.906485
742,008814142,Linkebeek,Linkebeek,Linkebeek,http://live.dbpedia.org/resource/Linkebeek,4.339434,50.773685
743,008891629,Lissewege,Lissewege,Lissewege,http://live.dbpedia.org/resource/Lissewege,3.19451,51.29471
744,008871712,Lobbes,Lobbes,Lobbes,http://live.dbpedia.org/resource/Lobbes,4.260957,50.346469
747,008872306,Lodelinsart,Lodelinsart,Lodelinsart,http://live.dbpedia.org/resource/Lodelinsart,4.46295,50.43245
748,008894201,Lokeren,Lokeren,Lokeren,http://live.dbpedia.org/resource/Lokeren,3.985283,51.107103
75,008864931,Assesse,Assesse,Assesse,http://live.dbpedia.org/resource/Assesse,5.022836,50.368136
750,008832565,Lommel,Lommel,Lommel,http://live.dbpedia.org/resource/Lommel,5.310547,51.211664
751,008822111,Londerzeel,Londerzeel,Londerzeel,http://live.dbpedia.org/resource/Londerzeel,4.299069,51.009092
752,008866258,Neufchâteau,Neufchâteau,Neufchâteau,http://live.dbpedia.org/resource/Neufchâteau,5.452559,49.854318
754,008861416,Lonzée,Lonzée,Lonzée,http://live.dbpedia.org/resource/Lonzée,4.7201,50.551935
759,008814357,Lot,Lot,Lot,http://live.dbpedia.org/resource/Lot,4.2737,50.76636
762,008811676,Louvain-la-Neuve-Universiteit,Louvain-la-Neuve-Universiteit,Louvain-la-Neuve-Universiteit,http://live.dbpedia.org/resource/Louvain-la-Neuve-Universiteit,4.615745,50.669793
764,008821063,Antwerpen-Luchtbal,Antwerpen-Luchtbal,Antwerpen-Luchtbal,http://live.dbpedia.org/resource/Antwerpen-Luchtbal,4.425033,51.24413
767,008863156,Lustin,Lustin,Lustin,http://live.dbpedia.org/resource/Lustin,4.877468,50.369746
768,008871308,Luttre,Luttre,Luttre,http://live.dbpedia.org/resource/Luttre,4.38412,50.50586
77,008886009,Aat,Aat,Aat,http://live.dbpedia.org/resource/Aat,3.777429,50.626932
78,008866605,Athus,Athus,Athus,http://live.dbpedia.org/resource/Athus,5.828944,49.563344
781,008822137,Malderen,Malderen,Malderen,http://live.dbpedia.org/resource/Malderen,4.22911,51.014489
782,008886041,Maffle,Maffle,Maffle,http://live.dbpedia.org/resource/Maffle,3.800117,50.614353
784,008882701,Manage,Manage,Manage,http://live.dbpedia.org/resource/Manage,4.23468,50.50611
786,008866175,Marbehan,Marbehan,Marbehan,http://live.dbpedia.org/resource/Marbehan,5.539757,49.727333
788,008864410,Marche-en-Famenne,Marche-en-Famenne,Marche-en-Famenne,http://live.dbpedia.org/resource/Marche-en-Famenne,5.34629,50.22247
789,008863461,Marche-les-Dames,Marche-les-Dames,Marche-les-Dames,http://live.dbpedia.org/resource/Marche-les-Dames,4.96458,50.48074
790,008883220,Marche-lez-Ecaussinnes,Marche-lez-Ecaussinnes,Marche-lez-Ecaussinnes,http://live.dbpedia.org/resource/Marche-lez-Ecaussinnes,4.177102,50.546175
791,008871100,Marchienne-au-Pont,Marchienne-au-Pont,Marchienne-au-Pont,http://live.dbpedia.org/resource/Marchienne-au-Pont,4.39422,50.41217
793,008871852,Marchienne-Zone,Marchienne-Zone,Marchienne-Zone,http://live.dbpedia.org/resource/Marchienne-Zone,4.388764,50.397467
797,008891132,Maria-Aalter,Maria-Aalter,Maria-Aalter,http://live.dbpedia.org/resource/Maria-Aalter,3.38673,51.10761
798,008875002,Mariembourg,Mariembourg,Mariembourg,http://live.dbpedia.org/resource/Mariembourg,4.52569,50.09549
8,008891140,Aalter,Aalter,Aalter,http://live.dbpedia.org/resource/Aalter,3.447848,51.092297
801,008864345,Marloie,Marloie,Marloie,http://live.dbpedia.org/resource/Marloie,5.31389,50.202819
805,008881174,Masnuy-Saint-Pierre,Masnuy-Saint-Pierre,Masnuy-Saint-Pierre,http://live.dbpedia.org/resource/Masnuy-Saint-Pierre,3.96214,50.53655
807,008885530,Maubray,Maubray,Maubray,http://live.dbpedia.org/resource/Maubray,3.495523,50.547556
809,008861333,Mazy,Mazy,Mazy,http://live.dbpedia.org/resource/Mazy,4.67583,50.5135
810,008822004,Mechelen,Mechelen,Mechelen,http://live.dbpedia.org/resource/Mechelen,4.482785,51.01765
811,008822343,Mechelen-Nekkerspoel,Mechelen-Nekkerspoel,Mechelen-Nekkerspoel,http://live.dbpedia.org/resource/Mechelen-Nekkerspoel,4.489917,51.029885
812,008811171,Meiser,Meiser,Meiser,http://live.dbpedia.org/resource/Meiser,4.394424,50.854071
814,008821824,Melkouwen,Melkouwen,Melkouwen,http://live.dbpedia.org/resource/Melkouwen,4.671533,51.094942
815,008893039,Melle,Melle,Melle,http://live.dbpedia.org/resource/Melle,3.79709,51.00281
818,008864436,Melreux-Hotton,Melreux-Hotton,Melreux-Hotton,http://live.dbpedia.org/resource/Melreux-Hotton,5.44014,50.28367
819,008894755,Melsele,Melsele,Melsele,http://live.dbpedia.org/resource/Melsele,4.286767,51.210712
82,008874716,Auvelais,Auvelais,Auvelais,http://live.dbpedia.org/resource/Auvelais,4.630534,50.4492
820,008896305,Menen,Menen,Menen,http://live.dbpedia.org/resource/Menen,3.11379,50.79949
821,008812120,Merchtem,Merchtem,Merchtem,http://live.dbpedia.org/resource/Merchtem,4.222719,50.954954
822,008893013,Merelbeke,Merelbeke,Merelbeke,http://live.dbpedia.org/resource/Merelbeke,3.764963,51.020153
824,008814464,Diesdelle,Diesdelle,Diesdelle,http://live.dbpedia.org/resource/Diesdelle,4.374052,50.796145
825,008844644,Hergenrath,Hergenrath,Hergenrath,http://live.dbpedia.org/resource/Hergenrath,6.042953,50.709192
826,008811197,Merode,Merode,Merode,http://live.dbpedia.org/resource/Merode,4.398932,50.839282
827,008842648,Méry,Méry,Méry,http://live.dbpedia.org/resource/Méry,5.587236,50.54762
832,008886058,Mévergnies-Attre,Mévergnies-Attre,Mévergnies-Attre,http://live.dbpedia.org/resource/Mévergnies-Attre,3.833917,50.600108
835,008841665,Milmort,Milmort,Milmort,http://live.dbpedia.org/resource/Milmort,5.600094,50.692454
837,008814431,Moensberg,Moensberg,Moensberg,http://live.dbpedia.org/resource/Moensberg,4.330729,50.778321
84,008842754,Aywaille,Aywaille,Aywaille,http://live.dbpedia.org/resource/Aywaille,5.672496,50.472936
840,008832409,Mol,Mol,Mol,http://live.dbpedia.org/resource/Mol,5.114733,51.191064
841,008812112,Mollem,Mollem,Mollem,http://live.dbpedia.org/resource/Mollem,4.214628,50.931149
842,008841459,Momalle,Momalle,Momalle,http://live.dbpedia.org/resource/Momalle,5.3676,50.66991
848,008881000,Bergen,Bergen,Bergen,http://live.dbpedia.org/resource/Bergen,3.942542,50.453854
855,008861549,Mont-Saint-Guibert,Mont-Saint-Guibert,Mont-Saint-Guibert,http://live.dbpedia.org/resource/Mont-Saint-Guibert,4.613883,50.637613
860,008893062,Moortsele,Moortsele,Moortsele,http://live.dbpedia.org/resource/Moortsele,3.78134,50.953518
862,008882230,Morlanwelz,Morlanwelz,Morlanwelz,http://live.dbpedia.org/resource/Morlanwelz,4.24737,50.458
863,008821147,Mortsel,Mortsel,Mortsel,http://live.dbpedia.org/resource/Mortsel,4.448435,51.182963
864,008821154,Mortsel-Deurnesteenweg,Mortsel-Deurnesteenweg,Mortsel-Deurnesteenweg,http://live.dbpedia.org/resource/Mortsel-Deurnesteenweg,4.446515,51.183024
866,008821238,Mortsel-Oude God,Mortsel-Oude God,Mortsel-Oude God,http://live.dbpedia.org/resource/Mortsel-Oude_God,4.455737,51.171252
868,008885704,Moeskroen,Moeskroen,Moeskroen,http://live.dbpedia.org/resource/Moeskroen,3.228448,50.741005
870,008861150,Moustier,Moustier,Moustier,http://live.dbpedia.org/resource/Moustier,4.69381,50.45275
871,008822426,Muizen,Muizen,Muizen,http://live.dbpedia.org/resource/Muizen,4.51384,51.0082
873,008895232,Munkzwalm,Munkzwalm,Munkzwalm,http://live.dbpedia.org/resource/Munkzwalm,3.733242,50.875675
877,008821246,Mortsel-Liersesteenweg,Mortsel-Liersesteenweg,Mortsel-Liersesteenweg,http://live.dbpedia.org/resource/Mortsel-Liersesteenweg,4.468841,51.169027
894,008863453,Namêche,Namêche,Namêche,http://live.dbpedia.org/resource/Namêche,4.997939,50.47043
895,008863008,Namen,Namen,Namen,http://live.dbpedia.org/resource/Namen,4.86222,50.468794
896,008864964,Naninne,Naninne,Naninne,http://live.dbpedia.org/resource/Naninne,4.929754,50.419694
897,008864915,Natoye,Natoye,Natoye,http://live.dbpedia.org/resource/Natoye,5.061162,50.343298
899,008832615,Neerpelt,Neerpelt,Neerpelt,http://live.dbpedia.org/resource/Neerpelt,5.436955,51.22129
9,008833209,Aarschot,Aarschot,Aarschot,http://live.dbpedia.org/resource/Aarschot,4.82404,50.98441
900,008833670,Neerwinden,Neerwinden,Neerwinden,http://live.dbpedia.org/resource/Neerwinden,5.03632,50.76396
901,008844230,Nessonvaux,Nessonvaux,Nessonvaux,http://live.dbpedia.org/resource/Nessonvaux,5.741577,50.572086
902,008883121,Neufvilles,Neufvilles,Neufvilles,http://live.dbpedia.org/resource/Neufvilles,4.01067,50.5436
905,008824240,Niel,Niel,Niel,http://live.dbpedia.org/resource/Niel,4.338591,51.111596
906,008894714,Nieuwkerken-Waas,Nieuwkerken-Waas,Nieuwkerken-Waas,http://live.dbpedia.org/resource/Nieuwkerken-Waas,4.184414,51.185114
907,008821667,Nijlen,Nijlen,Nijlen,http://live.dbpedia.org/resource/Nijlen,4.664447,51.159717
908,008881315,Nimy,Nimy,Nimy,http://live.dbpedia.org/resource/Nimy,3.956093,50.471643
910,008895760,Ninove,Ninove,Ninove,http://live.dbpedia.org/resource/Ninove,4.026137,50.839511
911,008814209,Nijvel,Nijvel,Nijvel,http://live.dbpedia.org/resource/Nijvel,4.335065,50.599641
916,008811247,Nossegem,Nossegem,Nossegem,http://live.dbpedia.org/resource/Nossegem,4.50611,50.88331
919,008871332,Obaix-Buzet,Obaix-Buzet,Obaix-Buzet,http://live.dbpedia.org/resource/Obaix-Buzet,4.36357,50.53521
920,008881406,Obourg,Obourg,Obourg,http://live.dbpedia.org/resource/Obourg,4.01064,50.470093
923,008895778,Okegem,Okegem,Okegem,http://live.dbpedia.org/resource/Okegem,4.053696,50.856469
924,008832458,Olen,Olen,Olen,http://live.dbpedia.org/resource/Olen,4.9025,51.17403
929,008891702,Oostende,Oostende,Oostende,http://live.dbpedia.org/resource/Oostende,2.92581,51.22821
931,008891116,Oostkamp,Oostkamp,Oostkamp,http://live.dbpedia.org/resource/Oostkamp,3.25747,51.15411
933,008812146,Opwijk,Opwijk,Opwijk,http://live.dbpedia.org/resource/Opwijk,4.188991,50.973965
936,008811601,Ottignies,Ottignies,Ottignies,http://live.dbpedia.org/resource/Ottignies,4.56936,50.67367
938,008893518,Oudegem,Oudegem,Oudegem,http://live.dbpedia.org/resource/Oudegem,4.064472,51.01523
939,008892601,Oudenaarde,Oudenaarde,Oudenaarde,http://live.dbpedia.org/resource/Oudenaarde,3.600388,50.850116
941,008833134,Oud-Heverlee,Oud-Heverlee,Oud-Heverlee,http://live.dbpedia.org/resource/Oud-Heverlee,4.65331,50.83593
951,008865540,Paliseul,Paliseul,Paliseul,http://live.dbpedia.org/resource/Paliseul,5.118351,49.895412
952,008886561,Papegem,Papegem,Papegem,http://live.dbpedia.org/resource/Papegem,3.823408,50.686585
954,008811775,Pecrot,Pecrot,Pecrot,http://live.dbpedia.org/resource/Pecrot,4.651483,50.778516
956,008844206,Pepinster,Pepinster,Pepinster,http://live.dbpedia.org/resource/Pepinster,5.805898,50.567809
957,008844313,Pepinster-Cité,Pepinster-Cité,Pepinster-Cité,http://live.dbpedia.org/resource/Pepinster-Cité,5.804397,50.563405
958,008884855,Péruwelz,Péruwelz,Péruwelz,http://live.dbpedia.org/resource/Péruwelz,3.592772,50.513704
961,008873122,Philippeville,Philippeville,Philippeville,http://live.dbpedia.org/resource/Philippeville,4.53596,50.19164
962,008871415,Piéton,Piéton,Piéton,http://live.dbpedia.org/resource/Piéton,4.288438,50.434959
968,008865227,Poix-Saint-Hubert,Poix-Saint-Hubert,Poix-Saint-Hubert,http://live.dbpedia.org/resource/Poix-Saint-Hubert,5.292646,50.019508
970,008871365,Pont-à-Celles,Pont-à-Celles,Pont-à-Celles,http://live.dbpedia.org/resource/Pont-à-Celles,4.362415,50.513102
971,008843141,Pont-de-Seraing,Pont-de-Seraing,Pont-de-Seraing,http://live.dbpedia.org/resource/Pont-de-Seraing,5.511328,50.619968
973,008896735,Poperinge,Poperinge,Poperinge,http://live.dbpedia.org/resource/Poperinge,2.736345,50.85445
974,008842689,Poulseur,Poulseur,Poulseur,http://live.dbpedia.org/resource/Poulseur,5.578855,50.509211
975,008811544,Profondsart,Profondsart,Profondsart,http://live.dbpedia.org/resource/Profondsart,4.54915,50.69376
976,008873312,Pry,Pry,Pry,http://live.dbpedia.org/resource/Pry,4.428807,50.269281
977,008822715,Puurs,Puurs,Puurs,http://live.dbpedia.org/resource/Puurs,4.282701,51.077216
979,008884541,Quaregnon,Quaregnon,Quaregnon,http://live.dbpedia.org/resource/Quaregnon,3.856541,50.449824
982,008881505,Quévy,Quévy,Quévy,http://live.dbpedia.org/resource/Quévy,3.909489,50.341534
984,008884335,Quiévrain,Quiévrain,Quiévrain,http://live.dbpedia.org/resource/Quiévrain,3.68608,50.410103
989,008886587,Rebaix,Rebaix,Rebaix,http://live.dbpedia.org/resource/Rebaix,3.793624,50.661238
991,008841442,Remicourt,Remicourt,Remicourt,http://live.dbpedia.org/resource/Remicourt,5.32141,50.67861
992,008845229,Coo,Coo,Coo,http://live.dbpedia.org/resource/Coo,5.880474,50.391127
995,008861440,Rhisnes,Rhisnes,Rhisnes,http://live.dbpedia.org/resource/Rhisnes,4.80187,50.49935
996,008842705,Rivage,Rivage,Rivage,http://live.dbpedia.org/resource/Rivage,5.585421,50.486532
997,008811536,Rixensart,Rixensart,Rixensart,http://live.dbpedia.org/resource/Rixensart,4.53286,50.71141
